INSERT INTO users
VALUES 
(NULL, 'admin', 'admin@gmail.com', NULL, '$2y$12$efUVQfHI3g7TXdgogQLweuJNgcQ/NlFKdndnIpq.4lkLnYh2tM/dG', 'Admin', NULL, NULL, NULL, 'Male', 1994, 0, 'https://live.staticflickr.com/8624/16424216280_9f4269f56b.jpg', DEFAULT, 'Spain'),
(NULL, 'leafvividfig', 'leafvividfig@gmail.com', NULL, '$2y$12$efUVQfHI3g7TXdgogQLweuJNgcQ/NlFKdndnIpq.4lkLnYh2tM/dG', 'User', NULL, NULL, NULL, 'Female', 1994, 0, 'https://cdn.jsdelivr.net/gh/alohe/avatars/png/vibrent_1.png', DEFAULT, 'Switzerland'),
(NULL, 'ben-hurshrek', 'hurshrek@gmail.com', NULL, '$2y$12$efUVQfHI3g7TXdgogQLweuJNgcQ/NlFKdndnIpq.4lkLnYh2tM/dG', 'User', NULL, NULL, NULL, 'Male', 1991, 0, 'https://cdn.jsdelivr.net/gh/alohe/avatars/png/vibrent_3.png', DEFAULT, 'Portugal'),
(NULL, 'user_professor', 'user_professor@gmail.com', NULL, '$2y$12$efUVQfHI3g7TXdgogQLweuJNgcQ/NlFKdndnIpq.4lkLnYh2tM/dG', 'User', NULL, NULL, NULL, 'Other', 1995, 0, 'https://img.freepik.com/vetores-premium/pessoas-avatar-icones-professor_755164-20666.jpg?semt=ais_hybrid&w=740', DEFAULT, 'Spain'),
(NULL, 'lightningsun', 'lightning_sunny@gmail.com', NULL, '$2y$12$efUVQfHI3g7TXdgogQLweuJNgcQ/NlFKdndnIpq.4lkLnYh2tM/dG', 'User', NULL, NULL, NULL, 'Male', 1999, 0, 'https://cdn.jsdelivr.net/gh/alohe/avatars/png/vibrent_5.png', DEFAULT, 'Spain'),
(NULL, 'theapartment', 'apartment_the@gmail.com', NULL, '$2y$12$efUVQfHI3g7TXdgogQLweuJNgcQ/NlFKdndnIpq.4lkLnYh2tM/dG', 'User', NULL, NULL, NULL, 'Female', 2000, 0, 'https://cdn.jsdelivr.net/gh/alohe/avatars/png/vibrent_2.png', DEFAULT, 'Argentina'),
(NULL, 'cymbal_leopard', 'cymballeopard@yahoo.com', NULL, '$2y$12$efUVQfHI3g7TXdgogQLweuJNgcQ/NlFKdndnIpq.4lkLnYh2tM/dG', 'User', NULL, NULL, NULL, 'Other', 1994, 0, 'https://cdn.jsdelivr.net/gh/alohe/avatars/png/vibrent_7.png', DEFAULT, 'Germany'),
(NULL, 'duckpersimon', 'duke@yahoo.com', NULL, '$2y$12$efUVQfHI3g7TXdgogQLweuJNgcQ/NlFKdndnIpq.4lkLnYh2tM/dG', 'User', NULL, NULL, NULL, 'Male', 1991, 0, 'https://cdn.jsdelivr.net/gh/alohe/avatars/png/vibrent_6.png', DEFAULT, 'Argentina'),
(NULL, 'xylophoneerie', 'xylophoneerie@yahoo.com', NULL, '$2y$12$efUVQfHI3g7TXdgogQLweuJNgcQ/NlFKdndnIpq.4lkLnYh2tM/dG', 'User', NULL, NULL, NULL, 'Female', 1995, 0, 'https://cdn.jsdelivr.net/gh/alohe/avatars/png/vibrent_4.png', DEFAULT, 'Poland'),
(NULL, 'fitnessshrimp', 'fitness_shrimp@yahoo.com', NULL, '$2y$12$efUVQfHI3g7TXdgogQLweuJNgcQ/NlFKdndnIpq.4lkLnYh2tM/dG', 'User', NULL, NULL, NULL, 'Other', 1999, 0, 'https://cdn.jsdelivr.net/gh/alohe/avatars/png/vibrent_9.png', DEFAULT, 'Netherlands'),
(NULL, 'fly_ace_ventura', 'the_ace@yahoo.com', NULL, '$2y$12$efUVQfHI3g7TXdgogQLweuJNgcQ/NlFKdndnIpq.4lkLnYh2tM/dG', 'User', NULL, NULL, NULL, 'Male', 2000, 0, 'https://cdn.jsdelivr.net/gh/alohe/avatars/png/vibrent_8.png', DEFAULT, 'Mexico');

INSERT INTO users
VALUES 
(NULL, 'oculusvision', 'oculusvision@gmail.com', NULL, '$2y$12$efUVQfHI3g7TXdgogQLweuJNgcQ/NlFKdndnIpq.4lkLnYh2tM/dG', 'User', NULL, NULL, NULL, 'Male', 1990, 0, 'https://cdn.jsdelivr.net/gh/alohe/avatars/png/vibrent_11.png', DEFAULT, 'Portugal'),
(NULL, 'willhunting', 'willhunting@gmail.com', NULL, '$2y$12$efUVQfHI3g7TXdgogQLweuJNgcQ/NlFKdndnIpq.4lkLnYh2tM/dG', 'User', NULL, NULL, NULL, 'Female', 2002, 0, 'https://cdn.jsdelivr.net/gh/alohe/avatars/png/vibrent_15.png', DEFAULT, 'Germany'),
(NULL, 'fryertruck', 'fryertruck@gmail.com', NULL, '$2y$12$efUVQfHI3g7TXdgogQLweuJNgcQ/NlFKdndnIpq.4lkLnYh2tM/dG', 'User', NULL, NULL, NULL, 'Male', 1965, 0, 'https://cdn.jsdelivr.net/gh/alohe/avatars/png/vibrent_12.png', DEFAULT, 'Germany'),
(NULL, 'oxonomy', 'oxonomy@gmail.com', NULL, '$2y$12$efUVQfHI3g7TXdgogQLweuJNgcQ/NlFKdndnIpq.4lkLnYh2tM/dG', 'User', NULL, NULL, NULL, 'Other', 1978, 0, 'https://cdn.jsdelivr.net/gh/alohe/avatars/png/vibrent_13.png', DEFAULT, 'Spain'),
(NULL, 'octopi', 'octopi@gmail.com', NULL, '$2y$12$efUVQfHI3g7TXdgogQLweuJNgcQ/NlFKdndnIpq.4lkLnYh2tM/dG', 'User', NULL, NULL, NULL, 'Male', 1987, 0, 'https://cdn.jsdelivr.net/gh/alohe/avatars/png/vibrent_14.png', DEFAULT, 'Portugal'),
(NULL, 'bluelagoon', 'bluelagoon@yahoo.com', NULL, '$2y$12$efUVQfHI3g7TXdgogQLweuJNgcQ/NlFKdndnIpq.4lkLnYh2tM/dG', 'User', NULL, NULL, NULL, 'Female', 1976, 0, 'https://cdn.jsdelivr.net/gh/alohe/avatars/png/vibrent_17.png', DEFAULT, 'Spain'),
(NULL, 'astropower', 'astropower@yahoo.com', NULL, '$2y$12$efUVQfHI3g7TXdgogQLweuJNgcQ/NlFKdndnIpq.4lkLnYh2tM/dG', 'User', NULL, NULL, NULL, 'Other', 1985, 0, 'https://cdn.jsdelivr.net/gh/alohe/avatars/png/vibrent_18.png', DEFAULT, 'Argentina'),
(NULL, 'brutalgenie', 'brutalgenie@yahoo.com', NULL, '$2y$12$efUVQfHI3g7TXdgogQLweuJNgcQ/NlFKdndnIpq.4lkLnYh2tM/dG', 'User', NULL, NULL, NULL, 'Female', 1970, 0, 'https://cdn.jsdelivr.net/gh/alohe/avatars/png/vibrent_19.png', DEFAULT, 'Portugal'),
(NULL, 'redemptor', 'redemptor@yahoo.com', NULL, '$2y$12$efUVQfHI3g7TXdgogQLweuJNgcQ/NlFKdndnIpq.4lkLnYh2tM/dG', 'User', NULL, NULL, NULL, 'Male', 1983, 0, 'https://cdn.jsdelivr.net/gh/alohe/avatars/png/vibrent_16.png', DEFAULT, 'Spain'),
(NULL, 'powergirl', 'powergirl@yahoo.com', NULL, '$2y$12$efUVQfHI3g7TXdgogQLweuJNgcQ/NlFKdndnIpq.4lkLnYh2tM/dG', 'User', NULL, NULL, NULL, 'Other', 1972, 0, 'https://cdn.jsdelivr.net/gh/alohe/avatars/png/vibrent_20.png', DEFAULT, 'Spain'),
(NULL, 'bala', 'bala@gmail.com', NULL, '$2y$12$efUVQfHI3g7TXdgogQLweuJNgcQ/NlFKdndnIpq.4lkLnYh2tM/dG', 'Artist', NULL, NULL, NULL, 'Female', 2010, 0, 'https://f4.bcbits.com/img/0034239652_10.jpg', DEFAULT, 'Spain'),
(NULL, 'admin_professor', 'admin_professor@gmail.com', NULL, '$2y$12$efUVQfHI3g7TXdgogQLweuJNgcQ/NlFKdndnIpq.4lkLnYh2tM/dG', 'Admin', NULL, NULL, NULL, 'Other', 2000, 0, 'https://img.freepik.com/vetores-premium/pessoas-avatar-icones-professor_755164-20666.jpg?semt=ais_hybrid&w=740', DEFAULT, 'Spain'),
(NULL, 'toundra', 'toundra@gmail.com', NULL, '$2y$12$efUVQfHI3g7TXdgogQLweuJNgcQ/NlFKdndnIpq.4lkLnYh2tM/dG', 'Artist', NULL, NULL, NULL, 'Male', 2007, 0, 'https://i.discogs.com/nV2cy-2u4UFvobyUwnDXQwSM8nSI0Se6hRGbMvGI7CU/rs:fit/g:sm/q:90/h:600/w:600/czM6Ly9kaXNjb2dz/LWRhdGFiYXNlLWlt/YWdlcy9BLTEyMTIx/MDctMTczNzk2ODE5/My05NTc5LmpwZWc.jpeg', DEFAULT, 'Spain');

INSERT INTO followings
VALUES
(NULL, 2, 3),
(NULL, 2, 4),
(NULL, 2, 5),
(NULL, 2, 6),
(NULL, 2, 8),
(NULL, 2, 10),
(NULL, 2, 12),
(NULL, 2, 13),

(NULL, 3, 2),
(NULL, 3, 4),
(NULL, 3, 6),
(NULL, 3, 8),
(NULL, 3, 10),
(NULL, 3, 12),
(NULL, 3, 17),
(NULL, 3, 18),
(NULL, 3, 20),

(NULL, 4, 2),
(NULL, 4, 3),
(NULL, 4, 6),
(NULL, 4, 7),
(NULL, 4, 8),
(NULL, 4, 9),
(NULL, 4, 12),
(NULL, 4, 15),
(NULL, 4, 17),
(NULL, 4, 18),

(NULL, 5, 2),
(NULL, 5, 3),
(NULL, 5, 4),
(NULL, 5, 9),
(NULL, 5, 10),
(NULL, 5, 11),
(NULL, 5, 14),
(NULL, 5, 19),
(NULL, 5, 20),

(NULL, 6, 3),
(NULL, 6, 4),
(NULL, 6, 5),
(NULL, 6, 7),
(NULL, 6, 10),
(NULL, 6, 12),
(NULL, 6, 13),
(NULL, 6, 14),
(NULL, 6, 15),
(NULL, 6, 18),

(NULL, 7, 2),
(NULL, 7, 3),
(NULL, 7, 5),
(NULL, 7, 6),
(NULL, 7, 8),
(NULL, 7, 11),
(NULL, 7, 13),
(NULL, 7, 19),

(NULL, 8, 3),
(NULL, 8, 4),
(NULL, 8, 5),
(NULL, 8, 7),
(NULL, 8, 10),
(NULL, 8, 14),
(NULL, 8, 15),
(NULL, 8, 19),

(NULL, 9, 2),
(NULL, 9, 3),
(NULL, 9, 5),
(NULL, 9, 6),
(NULL, 9, 9),
(NULL, 9, 11),
(NULL, 9, 13),
(NULL, 9, 16),

(NULL, 10, 3),
(NULL, 10, 4),
(NULL, 10, 6),
(NULL, 10, 8),
(NULL, 10, 11),
(NULL, 10, 12),
(NULL, 10, 13),
(NULL, 10, 18),

(NULL, 11, 2),
(NULL, 11, 4),
(NULL, 11, 7),
(NULL, 11, 9),
(NULL, 11, 12),
(NULL, 11, 13),
(NULL, 11, 16),
(NULL, 11, 20),

(NULL, 12, 2),
(NULL, 12, 3),
(NULL, 12, 5),
(NULL, 12, 6),
(NULL, 12, 13),
(NULL, 12, 14),
(NULL, 12, 19),
(NULL, 12, 20),

(NULL, 13, 2),
(NULL, 13, 4),
(NULL, 13, 5),
(NULL, 13, 7),
(NULL, 13, 11),
(NULL, 13, 14),
(NULL, 13, 16),
(NULL, 13, 20),

(NULL, 14, 3),
(NULL, 14, 4),
(NULL, 14, 6),
(NULL, 14, 7),
(NULL, 14, 12),
(NULL, 14, 15),
(NULL, 14, 17),
(NULL, 14, 19),

(NULL, 15, 4),
(NULL, 15, 5),
(NULL, 15, 6),
(NULL, 15, 8),
(NULL, 15, 9),
(NULL, 15, 11),
(NULL, 15, 16),
(NULL, 15, 17),

(NULL, 16, 2),
(NULL, 16, 3),
(NULL, 16, 4),
(NULL, 16, 8),
(NULL, 16, 9),
(NULL, 16, 12),
(NULL, 16, 14),
(NULL, 16, 15),
(NULL, 16, 17),
(NULL, 16, 19),

(NULL, 17, 5),
(NULL, 17, 6),
(NULL, 17, 7),
(NULL, 17, 8),
(NULL, 17, 9),
(NULL, 17, 11),
(NULL, 17, 16),
(NULL, 17, 18),
(NULL, 17, 19),
(NULL, 17, 20),

(NULL, 18, 2),
(NULL, 18, 3),
(NULL, 18, 7),
(NULL, 18, 8),
(NULL, 18, 10),
(NULL, 18, 12),
(NULL, 18, 15),
(NULL, 18, 16),
(NULL, 18, 19),
(NULL, 18, 20),

(NULL, 19, 3),
(NULL, 19, 4),
(NULL, 19, 7),
(NULL, 19, 8),
(NULL, 19, 11),
(NULL, 19, 13),
(NULL, 19, 16),
(NULL, 19, 18),
(NULL, 19, 20),

(NULL, 20, 5),
(NULL, 20, 6),
(NULL, 20, 12),
(NULL, 20, 13),
(NULL, 20, 15),
(NULL, 20, 17),
(NULL, 20, 18);

INSERT INTO `artists` (`id`, `name`, `registered`, `artist_pic`, `user_id`, `description`, `info`) VALUES
(1, 'Kendrick Lamar', 0, 'https://i.discogs.com/HrgjHLlvo4e-l4Y3h40evhtvn_NXu3iuVZuq1E86mB0/rs:fit/g:sm/q:90/h:500/w:500/czM6Ly9kaXNjb2dz/LWRhdGFiYXNlLWlt/YWdlcy9BLTE3Nzg5/NzctMTQ3MDY4MDM5/Ny0xOTk0LmpwZWc.jpeg', NULL, 'American rapper born June 17, 1987 in Compton, California, USA.\r\n\r\nCousin of Baby Keem.', ''),
(2, 'King Crimson', 0, 'https://i.discogs.com/tD9kMI9GK7WGiFo2bKOQ6WNZIqzVmBBqNsE8Jc57byA/rs:fit/g:sm/q:90/h:600/w:600/czM6Ly9kaXNjb2dz/LWRhdGFiYXNlLWlt/YWdlcy9BLTcwODI4/LTEyMzY2MTc0ODgu/anBlZw.jpeg', NULL, 'were an English-based progressive rock band formed in 1968. One of the pioneers of the progressive rock genre. The first official rehearsal of the band was on January 13, 1969. The first line-up comprised guitarist Robert Fripp, lyricist and lighting man Peter Sinfield (who “invented” the name of the band), composer and multi-instrumentalist Ian McDonald, bassist and vocalist Greg Lake, and drummer Michael Giles. They toured extensively and released the album , a seminal piece of late ’60s music. Shortly afterwards, the band split to reform again suffering continuous personnel changes for a period of two and a half years (early 1970-mid 1972), releasing three more studio albums and one recorded live, with Robert Fripp as the only remaining member.\r\n\r\nThe new King Crimson that evolved in July 1972 (featuring ex-Yes drummer Bill Bruford, ex-Family and later Asia bassist/vocalist John...', ''),
(3, 'Carpenter Brut', 0, 'https://i.discogs.com/19m25MWK5TScz-NXyCg8IYrGgQjswuCLQ4XNgxiQxWE/rs:fit/g:sm/q:90/h:409/w:600/czM6Ly9kaXNjb2dz/LWRhdGFiYXNlLWlt/YWdlcy9BLTMwNjQy/MzUtMTQyMzQxODY2/Mi0xODM4LmpwZWc.jpeg', NULL, 'Franck Hueso, better known by his stage name Carpenter Brut, is a French electronic music artist based in Poitiers, France.', ''),
(4, 'Baroness', 0, 'https://i.discogs.com/moDR1XSUcdwyivHvWBspQkXmqWveSTT4MBKSCZ5Ld4Q/rs:fit/g:sm/q:90/h:336/w:600/czM6Ly9kaXNjb2dz/LWRhdGFiYXNlLWlt/YWdlcy9BLTk0NzYx/NC0xNTYwNjM3Mjcy/LTc2ODAucG5n.jpeg', NULL, 'Baroness is a progressive rock and sludge metal band formed in the summer of 2003 in Savannah, Georgia, U.S.\r\n\r\nIn August 2012, the band and their crew were involved in a serious bus crash while touring in the United Kingdom, resulting in the eventual departure of Allen Blickle and Matt Maggioni.\r\n\r\nAfter stints on  and , Baroness\' members founded their own label, Abraxan Hymns, in 2015.\r\n\r\nCurrent members:\r\n – vocals, guitar (2003–present)\r\n – drums (2013–present)\r\n – bass, keyboards (2013–present)\r\n – guitar, vocals (2017–present)\r\n\r\nFormer members:\r\n – drums (2003–2013)\r\n – bass (2003–2011)\r\n – guitar (2003–2005) \r\n – guitar (2005–2008; guest in 2022)\r\n – guitar, vocals (2008–2017) \r\n – bass (2012–2013)\r\n', ''),
(5, 'Amaral', 0, 'https://i.discogs.com/yCIw4zqLrnOzBmuZKH4yslv4L_YsF0VgF62KPtjXA0g/rs:fit/g:sm/q:90/h:600/w:600/czM6Ly9kaXNjb2dz/LWRhdGFiYXNlLWlt/YWdlcy9BLTU4NzA2/NC0xNzQwMDY3OTc0/LTY1MTkuanBlZw.jpeg', NULL, 'Spanish pop-rock duo of  and  from Zaragoza since 1997 that has sold more than four million albums worldwide.\r\nLabel related \r\nCompany related ', ''),
(6, 'Extremoduro', 0, 'https://i.discogs.com/9qPY1wBvrfcpH7-kWO62_nqUYe6suA5I7i4AxPgkPsg/rs:fit/g:sm/q:90/h:600/w:469/czM6Ly9kaXNjb2dz/LWRhdGFiYXNlLWlt/YWdlcy9BLTk3MDUy/OS0xNDU0ODgyMTU5/LTg3MTYucG5n.jpeg', NULL, ' formed Extremoduro in 1987, starting as a threesome. In January of 1989 recorded its first demo tape, soon playing on a TV show called Plastic and participating in a contest sponsored by Yamaha, which offered them the opportunity to sign up to independent label  and later to . In 1991 started working with local label , releasing \"Deltoya\" in 1992, with contributions from ex- guitarist  and  . Following that release came 1993\'s \"¿Donde Estan Mis Amigos?\", 1994\'s \"Rock Transgresivo\", and 1995\'s \"Pedrá\", an experimental record. Extremoduro became a major-label band with the sale of DRO to , to whom they have been signed ever since. Three more albums followed in the 90s and three in the noughties, as well as two volumes of greatest hits. Their 1996 effort Agila remains their most famous, often considered their \"breakthrough\" record, and even with a rough image and controversial subject ma...', ''),
(7, 'Mastodon', 0, 'https://i.discogs.com/5HTQH5PNMe0InrIZnkIIY-LPZ1BpdlO1fnfGdpZgIUo/rs:fit/g:sm/q:90/h:600/w:445/czM6Ly9kaXNjb2dz/LWRhdGFiYXNlLWlt/YWdlcy9BLTI1MjE2/MS0xNjM1NDM1NTU0/LTc3MTQucG5n.jpeg', NULL, 'Mastodon is an American heavy metal band based in Atlanta, Georgia. Formed in January 2000, the band consists of  (guitar, vocals),  (guitar),  (bass, vocals) and  (drums, vocals). Mastodon also initially included  (vocals), who left after the band recorded their first demo.', ''),
(8, 'Toundra', 1, 'https://i.discogs.com/nV2cy-2u4UFvobyUwnDXQwSM8nSI0Se6hRGbMvGI7CU/rs:fit/g:sm/q:90/h:600/w:600/czM6Ly9kaXNjb2dz/LWRhdGFiYXNlLWlt/YWdlcy9BLTEyMTIx/MDctMTczNzk2ODE5/My05NTc5LmpwZWc.jpeg', 24, 'Toundra is a Spanish instrumental post-metal band from Madrid, formed in 2007.\r\nIn late 2023 the band cancelled all their upcoming shows and went on hiatus until January 2025, when they announced their return via social media.', ''),
(9, 'Catorce', 0, 'https://i.discogs.com/bzv87axqu_aFdNjopgQkwRUiYerLwm2twsC-KwlwFh8/rs:fit/g:sm/q:90/h:428/w:600/czM6Ly9kaXNjb2dz/LWRhdGFiYXNlLWlt/YWdlcy9BLTM4MzI2/NDctMTU2NDc1MTE0/MC0xMTgyLmpwZWc.jpeg', NULL, 'Spanish post-rock group from Sevilla, formed in 2007.', ''),
(10, 'Ex Eye', 0, 'https://i.discogs.com/MWJxw_EPefwrGyluo3RdpsLmC0sE87vRr-2nKSs9Iaw/rs:fit/g:sm/q:90/h:600/w:600/czM6Ly9kaXNjb2dz/LWRhdGFiYXNlLWlt/YWdlcy9BLTU4MzM3/MzItMTQ5Nzk5NDEz/My05MDU3LmpwZWc.jpeg', NULL, 'Instrumental metal / jazz band from New York, NY consisting of experimental saxophonist Colin Stetson, Greg Fox (Liturgy) on drums, Shahzad Ismaily (Secret Chiefs 3, Ceramic Dog) on synths and Toby Summerfield on guitar.', ''),
(11, 'Triana', 0, 'https://i.discogs.com/r_JWaBDz-L8dqBC0QNR8Uia-bdKbtwkBKNsNRc1IZ-o/rs:fit/g:sm/q:90/h:500/w:346/czM6Ly9kaXNjb2dz/LWRhdGFiYXNlLWlt/YWdlcy9BLTEyOTc5/MTctMTM2MDc3NTgx/Ny0zMTA5LmpwZWc.jpeg', NULL, 'Andalusian Rock band, founded in Seville, Spain, in 1974. \r\nThe beginning of the band was , a band founded by , Miguel Ríos\' bassist, Emilio Souto, singer on \"Los Solitarios\" and Eduardo Rodriguez, guitarist from . After Attias gave up, Jesús de la Rosa joined as bassist and singer in 1973, forming a trio imitating \"Crosby, Stills & Nash\", and produced by . Emilio Souto went to join Moncho Alpuente in , and the rest with Juan José Palacios, \"Tele\", would found \"Triana\". On first line-up was also  and , but they soon quit to settle as a duo, .\r\n\r\nTragically, \"Triana\"\'s life ended in 1983, when Jesús de la Rosa died in a car accident. The band disappeared but in the late 90\'s \"Tele\" decided to return as \"Triana\", without Eduardo Rodríguez (who disapproved the idea) and with a group of friends. They released two more albums before his death, in 2002.\r\n\r\nBut even then the band didn\'t di...', ''),
(12, 'Rodrigo Cuevas', 0, 'https://i.discogs.com/Hc0z4wuZMsWAG6--OXnM3_NIB08J8BQzSJeqAFsl-ZM/rs:fit/g:sm/q:90/h:561/w:600/czM6Ly9kaXNjb2dz/LWRhdGFiYXNlLWlt/YWdlcy9BLTYyMTAw/NjItMTU3ODkxODgz/MC0xOTE1LmpwZWc.jpeg', NULL, 'Folkloric agitator and sex symbol of the copla and Spanish folk, member of the sexyfolk movement.\r\nShows: “Trópico de Covadonga”, “Electrocuplé”, “El Mundo por Montera”, \"Carceleras\".\r\nFor Phonographic Copyright ℗ use \r\n\r\nOld and obscure recordings: \r\n\"Yo soy la Maga\" (2012 album self-released)\r\n\"Prince of Verdiciu\" (2016 Ep Aris Música)\r\n\"Embrujada/Pánico en el edén\" (2017 Single Aris Música).\r\n', ''),
(13, 'Peter Talisman', 0, 'https://i.discogs.com/XoT2FhpntbbjsvLF12sezrf5NqDDHlQ0ub5ZYxp5iPA/rs:fit/g:sm/q:90/h:483/w:600/czM6Ly9kaXNjb2dz/LWRhdGFiYXNlLWlt/YWdlcy9BLTEwMjYw/NTY1LTE2MzY0NDQ2/ODUtNzYxOC5qcGVn.jpeg', NULL, 'UK based experimental electronic/folktronica duo.', ''),
(14, 'Baiuca', 0, 'https://i.discogs.com/HKff1sX7HJbsD1auzTGO6-_EuDYC-G9pqV4A2G3wNfg/rs:fit/g:sm/q:90/h:600/w:600/czM6Ly9kaXNjb2dz/LWRhdGFiYXNlLWlt/YWdlcy9BLTcwNDgx/NzEtMTU1NTg0Mjc4/OC05Mzg2LmpwZWc.jpeg', NULL, '', ''),
(15, 'Trono de Sangre', 0, 'https://i.discogs.com/V5MA0tV_CvD17Z7ndLLZvCSw4fozxD92GChKzcCOs94/rs:fit/g:sm/q:90/h:320/w:600/czM6Ly9kaXNjb2dz/LWRhdGFiYXNlLWlt/YWdlcy9BLTIzNzc4/NTYtMTUxNTI3MjEx/Mi0zOTUzLmpwZWc.jpeg', NULL, 'Trono De Sangre is a Spanish hardcore/post-hardcore band from Madrid, formed in 2010. Formed by members of:  , \r\n', ''),
(16, 'Steve Von Till', 0, 'https://i.discogs.com/fPyp1ybms4AlGf-mEX84CBa7AKIxiWgng7xgSBAapRA/rs:fit/g:sm/q:90/h:400/w:600/czM6Ly9kaXNjb2dz/LWRhdGFiYXNlLWlt/YWdlcy9BLTIwNzkw/NS0xNTE0NzE5MDU3/LTkwMzEuanBlZw.jpeg', NULL, 'Steve Von Till is most widely recognized as vocalist & guitarist in heavy post-psychedelic punk legends Neurosis. \r\nBut, the breadth of his talents and interests reaching far beyond that band\'s thunderous intensity have been well established over the course of related projects like the experimental offshoot Tribes of Neurot, psych-drone band Harvestman, & acoustic guitar based solo releases.\r\n\r\nOther bands not mentioned: Peace Test.\r\n\r\nBirth date: September 30', ''),
(17, 'Oathbreaker', 0, 'https://i.discogs.com/FDxiNNgIBXDmoWhUXRgrk2nH2VXdgd4f-5VFkpkxuyg/rs:fit/g:sm/q:90/h:400/w:600/czM6Ly9kaXNjb2dz/LWRhdGFiYXNlLWlt/YWdlcy9BLTE2NjE1/OTUtMTU4NDgyNjQx/Mi02MDgyLmpwZWc.jpeg', NULL, 'Black Metal, Hardcore, Punk band from Ghent, Belgium.\r\n\r\nFormed in 2008 by three former members of a Belgian hardcore band No Recess (Gilles Demolder, Caro Tanghe and Lennart Bossu).', ''),
(18, 'Ànteros', 0, 'https://i.discogs.com/PRkhBVm5ZOJdJnUS6iUpsQRSavUWoR574mNXlQnS_iU/rs:fit/g:sm/q:90/h:599/w:600/czM6Ly9kaXNjb2dz/LWRhdGFiYXNlLWlt/YWdlcy9BLTUyNTky/NTktMTY1ODI4NTk2/MC0xOTk0LmpwZWc.jpeg', NULL, 'Ànteros es un proyecto que nace en Barcelona en julio de 2015 tras la unión de músicos provenientes de formaciones relevantes de la escena catalana y española como Toundra, Viva Belgrado, Syberia, Erroma, Minor Empires, etc… En mayo de 2016 graban su primer EP “lunas” en Siete Barbas Estudio (Barcelona) y, tras la llegada al grupo de Rubén Martínez,  componen los temas que - juntos con la re-grabación de los temas incluidos en “lunas” - formarán su disco “Cuerpos Celestes”, grabado en Sadman Studios (Madrid) en verano de 2017 y publicado en noviembre del mismo año por sellos punteros españoles y europeos como Aloud Music, Pundonor Records, Lar Gravacions (España), Basement Apes (Francia), TimTam Records y Dingleberry Records (Alemania). “Cuerpos Celestes” aparece en el listado de los mejores discos nacionales de 2017 de las principales revistas y webs y el gr...', ''),
(19, 'Thantifaxath', 0, 'https://i.discogs.com/rS0Oy86TFYiKFexVybVeOPtEvqrHvaV6S1vOJfe_7lw/rs:fit/g:sm/q:90/h:333/w:500/czM6Ly9kaXNjb2dz/LWRhdGFiYXNlLWlt/YWdlcy9BLTI1NjAz/MDUtMTMyOTQzMjg4/NC5qcGVn.jpeg', NULL, 'Thantifaxath is a Canadian black metal band based in Toronto, Ontario. The band, which is signed to Dark Descent Records, consists of three anonymous members.', ''),
(20, 'Man Or Astro-Man?', 0, 'https://i.discogs.com/0g2nk-QUYijPTTaUdbkAFx5TNyN0IKL-LOBnWnluhjM/rs:fit/g:sm/q:90/h:600/w:600/czM6Ly9kaXNjb2dz/LWRhdGFiYXNlLWlt/YWdlcy9BLTMyNDQy/MC0xNjE5NDQ4Nzcw/LTE1NzUuanBlZw.jpeg', NULL, 'Band from Auburn, Alabama, USA. The group released their first full-length album, Is it...Man or Astro-Man? in 1993, in addition to full-length releases like 1994\'s Destroy All Astromen!, 1996\'s Experiment Zero and 1997\'s Live Transmissions from Uranus. The collection, Beyond the Black Hole, was issued in summer 2001.', ''),
(21, 'We Never Learned To Live', 0, 'https://i.discogs.com/t67pZBCCpHqrU8f46G79hXSurJiFi5sEkYRD3DqtGGc/rs:fit/g:sm/q:90/h:180/w:180/czM6Ly9kaXNjb2dz/LWRhdGFiYXNlLWlt/YWdlcy9BLTM0ODg1/MzgtMTQxMjk1NDY2/OS0yNjU0LmpwZWc.jpeg', NULL, 'Post-rock inspired cathartic misery from Brighton, UK\r\n(In 2013 the band changed their Name from \"\" to \"We Never Learned To Live\"!) \r\n\r\nBrett Houslop,\r\nDavid Kane,\r\nSeán Mahon,\r\nGary Marsden,\r\nMark Portnoi', ''),
(22, 'Garbage', 0, 'https://i.discogs.com/e5OYfd4SoJSOVxGq6pxJPkXK68GEUjMY98LULbhJ6w8/rs:fit/g:sm/q:90/h:600/w:441/czM6Ly9kaXNjb2dz/LWRhdGFiYXNlLWlt/YWdlcy9BLTEyMzMy/LTE1ODE1Mzk3Mzkt/NDA4NC5qcGVn.jpeg', NULL, 'Alternative / modern rock band from Madison, Wisconsin, USA.\r\n\r\nShirley Manson - vocals, keyboards, guitar\r\nDuke Erikson - bass, guitar, keyboards\r\nSteve Marker - guitar, keyboards, loops\r\nButch Vig - drums, loops, noise, fx\r\n\r\nIn the early 1980s, rock producers Vig (Nirvana, Smashing Pumpkins) and Marker founded Smart Studios, a recording studio in Madison, Wisconsin. Vig and musician friend Erikson formed the group Fire Town in the late 1980s, an offshoot from their disbanded band Spooner. Marker was their roadie. Vig and Marker began making electronic/rock mixes for artists like Nine Inch Nails and House Of Pain. In 1993 they decided they wanted to form a band that employed the remix and genre-bending approach they experimented with earlier and began looking for a singer and fourth collaborator. Guitarist Steve Marker came across a video of Scottish band Angelfish on MTV\'s \"120 Minute...', ''),
(23, 'My Bloody Valentine', 0, 'https://i.discogs.com/rZqn_T_vQwx0q-LAKDPktMUXtCREZp1iw-dP4GyRycg/rs:fit/g:sm/q:90/h:456/w:600/czM6Ly9kaXNjb2dz/LWRhdGFiYXNlLWlt/YWdlcy9BLTY1MTYt/MTY2NTA4Nzk5OS0x/MDIxLmpwZWc.jpeg', NULL, 'My Bloody Valentine are an Irish-English rock band.\r\n\r\nInitially active from 1985 to 1993, MBV reunited for an international tour in 2007, and, after a gap of 21 years, released a new LP in 2013. In addition to a steady stream of remasters, mainstay and leader  has promised, on numerous occasions, a variety of forthcoming EPs and full-lengths.', ''),
(24, 'Slowdive', 0, 'https://i.discogs.com/9V3NQUBzhXLy_JggtGiiZqOU0bDvvl9CedM3BvOWVvA/rs:fit/g:sm/q:90/h:455/w:600/czM6Ly9kaXNjb2dz/LWRhdGFiYXNlLWlt/YWdlcy9BLTI2NDk0/LTE2NTU1OTMzNTEt/OTk2NS5qcGVn.jpeg', NULL, 'Slowdive are a shoegaze band formed in Reading, England in 1989. Initially lasting until 1995, the band reformed in 2014. \r\n\r\nThe classic line-up consists of Rachel Goswell (vocals / guitar), Nick Chaplin (bass), Neil Halstead (vocals / guitar), Simon Scott (drums 1990 - 1994 and 2014 onwards) and Christian Savill (guitar). The band had three other drummers: Adrian Sell, Neil Carter and Ian McCutcheon (1994 - 1995)', ''),
(25, 'Los Planetas', 0, 'https://i.discogs.com/rCLSzW90-fIf8max2gl2EhJm4xP4tHyAAox3p4ZHdtQ/rs:fit/g:sm/q:90/h:439/w:600/czM6Ly9kaXNjb2dz/LWRhdGFiYXNlLWlt/YWdlcy9BLTU3NTkx/NC0xNzMzMjQ0MTg2/LTQ2MDkuanBlZw.jpeg', NULL, 'Spanish indie band from the city of Granada founded in 1992.', ''),
(26, 'Deafheaven', 0, 'https://i.discogs.com/mg6HTOPQpe2ZuX7U3S-00CaejyRIwwQEdHG5Bn7xjuU/rs:fit/g:sm/q:90/h:337/w:600/czM6Ly9kaXNjb2dz/LWRhdGFiYXNlLWlt/YWdlcy9BLTIwMjUy/ODAtMTYyOTU0MDU2/OC04NDMzLmpwZWc.jpeg', NULL, 'American post-metal band formed in 2010. Originally based in San Francisco, the group began as a two-piece with singer George Clarke and guitarist Kerry McCoy, who recorded and self-released a demo album together. Following its release, Deafheaven recruited three new members and began to tour.', ''),
(27, 'Bala', 1, 'https://f4.bcbits.com/img/0034239652_10.jpg', 22, 'BALA​ are Anx and V, a guitar and drums duet with a very personal style. Their sound reminds of the intense rock bands of the 90s, with influences ranging from grunge to punk or stoner.', '');

INSERT INTO `albums` (`id`, `name`, `artist_id`, `cover`, `release_year`, `average_rating`, `created_at`) VALUES
(1, 'Damn.', 1, 'https://i.discogs.com/LfqjkiJdKPfZUcFCihM0tDbkmXvdpklHD8zsOS58kPU/rs:fit/g:sm/q:90/h:600/w:599/czM6Ly9kaXNjb2dz/LWRhdGFiYXNlLWlt/YWdlcy9SLTE1OTY4/MzE3LTE3MzQyNjgx/MjAtMzA3Ni5qcGVn.jpeg', 2020, 85, '2025-03-25 23:33:36'),
(2, 'Larks Tongues In Aspic', 2, 'https://i.discogs.com/1Oik4dazUB2upXoH6s0XqPBmuF8Xz9yO7nFtsroG7vg/rs:fit/g:sm/q:90/h:596/w:600/czM6Ly9kaXNjb2dz/LWRhdGFiYXNlLWlt/YWdlcy9SLTM5NzMz/NzItMTM4ODY4NDM5/NC03ODIyLmpwZWc.jpeg', 1973, NULL, '2025-03-25 23:34:04'),
(3, 'In The Court Of The Crimson King', 2, 'https://i.discogs.com/xMwgi1V9tJK0QbC0qXOjGjoXeV9kj9KPoiE2vDzKwZE/rs:fit/g:sm/q:90/h:600/w:600/czM6Ly9kaXNjb2dz/LWRhdGFiYXNlLWlt/YWdlcy9SLTMxOTA2/OTcyLTE3MjgwNTQw/NjYtODY5NS5qcGVn.jpeg', 1975, NULL, '2025-03-25 23:35:22'),
(4, 'To Pimp A Butterfly', 1, 'https://i.discogs.com/8ZD7MZypmyxuliTV-Czyy03rA9ou2E-BL2rhIFTLUlk/rs:fit/g:sm/q:90/h:600/w:600/czM6Ly9kaXNjb2dz/LWRhdGFiYXNlLWlt/YWdlcy9SLTY3ODEy/ODYtMTU4NjA5MTU4/OC04ODQ5LmpwZWc.jpeg', 2015, NULL, '2025-03-25 23:36:12'),
(5, 'Leather Teeth', 3, 'https://i.discogs.com/0h96UVoO77APVM1IGajQHcQ0XftfGb1nhjK-gLyRmC0/rs:fit/g:sm/q:90/h:600/w:600/czM6Ly9kaXNjb2dz/LWRhdGFiYXNlLWlt/YWdlcy9SLTExODc5/ODUxLTE1NTI2NzAz/NDktOTc3My5qcGVn.jpeg', 2018, NULL, '2025-03-25 23:37:08'),
(6, 'Red Album', 4, 'https://i.discogs.com/7QINGCCFOO0TsGoN1j0L1p9HA2qT83MzYe_-m2PZR-c/rs:fit/g:sm/q:90/h:587/w:600/czM6Ly9kaXNjb2dz/LWRhdGFiYXNlLWlt/YWdlcy9SLTIyMjE3/MzE0LTE2NDUyNTkw/NDgtNzMzNC5qcGVn.jpeg', 2017, NULL, '2025-03-25 23:37:43'),
(7, 'Blue Record', 4, 'https://i.discogs.com/LXnsw81-GeS94r7471vWXPmCmsdMckl3t5qAnzLqLq4/rs:fit/g:sm/q:90/h:600/w:600/czM6Ly9kaXNjb2dz/LWRhdGFiYXNlLWlt/YWdlcy9SLTM5Njk2/MzItMTM1MDkwNjc1/Ny02NTU4LmpwZWc.jpeg', 2009, NULL, '2025-03-25 23:38:04'),
(8, 'Pájaros En La Cabeza', 5, 'https://i.discogs.com/MsqNxOOH5pPnXA3vK130urFVOj6MGU7Z9J5aQ9PzaGw/rs:fit/g:sm/q:90/h:589/w:600/czM6Ly9kaXNjb2dz/LWRhdGFiYXNlLWlt/YWdlcy9SLTU0MTEw/OTEtMTY4NjEwOTE5/OC00MTY2LmpwZWc.jpeg', 2005, NULL, '2025-03-25 23:40:15'),
(9, 'Agila', 6, 'https://i.discogs.com/AgLz0sD07Eik73Mfx3hKmH3PVURMM-Z7GZfA6cBsvKo/rs:fit/g:sm/q:90/h:600/w:600/czM6Ly9kaXNjb2dz/LWRhdGFiYXNlLWlt/YWdlcy9SLTExNDM3/MDYtMTUxMzE4MDk4/Ni0yODU1LmpwZWc.jpeg', 1996, NULL, '2025-03-25 23:40:29'),
(10, 'Leviathan', 7, 'https://i.discogs.com/6A1KtjuD4wlO8EUhw19c36RqRqurd4lqVToifvNPCTc/rs:fit/g:sm/q:90/h:352/w:348/czM6Ly9kaXNjb2dz/LWRhdGFiYXNlLWlt/YWdlcy9SLTMwNzk1/NjUtMTUzNzc1Mjk1/NC0zNzA0LmpwZWc.jpeg', 2004, NULL, '2025-03-25 23:41:41'),
(11, 'Blood Mountain', 7, 'https://i.discogs.com/6SPDPU5dSNsGYi--TWIURHdV37D3dgv3RByU5-V1If0/rs:fit/g:sm/q:90/h:600/w:600/czM6Ly9kaXNjb2dz/LWRhdGFiYXNlLWlt/YWdlcy9SLTEzNjMz/MjcxLTE1NTgwMjU5/NjktNTc3NC5qcGVn.jpeg', 2006, 90, '2025-03-25 23:42:12'),
(12, '(II)', 8, 'https://i.discogs.com/Od-f78s0icEWA_OfA-YdRa6VosrBPzSlfawcAbZeIGw/rs:fit/g:sm/q:90/h:600/w:600/czM6Ly9kaXNjb2dz/LWRhdGFiYXNlLWlt/YWdlcy9SLTgwODY4/OTUtMTQ1NDg3MzE4/NS0yOTA2LmpwZWc.jpeg', 2011, 83, '2025-03-25 23:43:04'),
(13, 'Arcadia', 9, 'https://i.discogs.com/OllgNA7qHRGB1o2PK_z3kC7nQY1UNmcgZNrOTTZIsYk/rs:fit/g:sm/q:90/h:600/w:600/czM6Ly9kaXNjb2dz/LWRhdGFiYXNlLWlt/YWdlcy9SLTE0MjEw/Mjg3LTE1ODUyOTY3/MDYtNTQxOS5qcGVn.jpeg', 2019, NULL, '2025-03-25 23:43:44'),
(14, 'Ex Eye', 10, 'https://i.discogs.com/zb0BrjLIONnQnRPOBnWDxWZ0gR46qRp2CMWMccvylmQ/rs:fit/g:sm/q:90/h:500/w:500/czM6Ly9kaXNjb2dz/LWRhdGFiYXNlLWlt/YWdlcy9SLTExMDU1/NzY0LTE1MjYwNzMy/NjgtODYzOC5qcGVn.jpeg', 2017, 75, '2025-03-25 23:44:30'),
(15, 'El Patio', 11, 'https://i.discogs.com/QBovrMlw1eJKq6_B0P-2Bfl9Yj7Otw7OypIR9665suI/rs:fit/g:sm/q:90/h:400/w:400/czM6Ly9kaXNjb2dz/LWRhdGFiYXNlLWlt/YWdlcy9SLTMxOTA3/NDMtMTMxOTgxMzA0/NS5qcGVn.jpeg', 2002, 88, '2025-03-25 23:45:02'),
(16, 'Hijos Del Agobio', 11, 'https://i.discogs.com/OPck0ev5QWDj5DLKVd75fb2Yy3cVFjO9NjpZae-GOns/rs:fit/g:sm/q:90/h:600/w:593/czM6Ly9kaXNjb2dz/LWRhdGFiYXNlLWlt/YWdlcy9SLTIxMzI1/MzEtMTQxOTQ0MzM0/Ny01MzY1LmpwZWc.jpeg', 1984, NULL, '2025-03-25 23:47:00'),
(17, 'Manual De Cortejo', 12, 'https://i.discogs.com/CDl_DZOfdch2QzPoSXnQohG083MCyjaec7Pw6OH--no/rs:fit/g:sm/q:90/h:500/w:500/czM6Ly9kaXNjb2dz/LWRhdGFiYXNlLWlt/YWdlcy9SLTE0NTU2/NDk3LTE1NzcwMTAx/OTgtMjczNi5qcGVn.jpeg', 2019, 77, '2025-04-01 09:00:41'),
(18, 'Lord Of The Harvest', 13, 'https://i.discogs.com/b0_-Ae_cC0W3ZTqO6SHhch-kFPV5oZuQ-lUA_noUQoU/rs:fit/g:sm/q:90/h:600/w:600/czM6Ly9kaXNjb2dz/LWRhdGFiYXNlLWlt/YWdlcy9SLTIwOTA3/NTU2LTE2MzY0NDE2/NzMtNTkxMC5qcGVn.jpeg', 2021, 76, '2025-04-01 09:01:31'),
(19, 'Embruxo', 14, 'https://i.discogs.com/YsWMW3XDtZT8j7Z8t_0ROWKPU3AZHiwG22SvScm9ixc/rs:fit/g:sm/q:90/h:600/w:600/czM6Ly9kaXNjb2dz/LWRhdGFiYXNlLWlt/YWdlcy9SLTE4Nzg1/ODE1LTE2MjEzNzc2/MTQtNjI1NC5qcGVn.jpeg', 2021, NULL, '2025-04-01 09:03:02'),
(20, 'A Life Unto Itself', 16, 'https://i.discogs.com/pvhKGq0nhNWPSsAQItTMGMj7OcYqMl2l92_MwsCM7B0/rs:fit/g:sm/q:90/h:598/w:600/czM6Ly9kaXNjb2dz/LWRhdGFiYXNlLWlt/YWdlcy9SLTcwODI4/NTEtMTU0NzcyMTQx/Ni00Mjk1LmpwZWc.jpeg', 2015, 72, '2025-04-01 09:09:58'),
(21, 'Rheia', 17, 'https://i.discogs.com/1LCBbr9HGDqH0ivP-Bpp5XZlQcKnFt8oI7YyXPPUeWk/rs:fit/g:sm/q:90/h:600/w:600/czM6Ly9kaXNjb2dz/LWRhdGFiYXNlLWlt/YWdlcy9SLTkxMzUz/NjAtMTQ3NjAxNDQ4/Ni0xOTAxLmpwZWc.jpeg', 2016, 79, '2025-04-01 09:15:28'),
(22, 'Cuerpos Celestes', 18, 'https://i.discogs.com/0pSsBVsTJ1hb1FxQSxEXnl7Y8sKbImy32fycIhNwho8/rs:fit/g:sm/q:90/h:600/w:584/czM6Ly9kaXNjb2dz/LWRhdGFiYXNlLWlt/YWdlcy9SLTExMTE1/MTU2LTE1MTAxMjc2/MDQtNjk2Ny5qcGVn.jpeg', 2017, NULL, '2025-04-01 09:15:55'),
(23, 'Hive Mind Narcosis', 19, 'https://i.discogs.com/SDF6heLirp1WdSS5vwpc3qOlI70JTR_-yVEYqyWrfJU/rs:fit/g:sm/q:90/h:600/w:600/czM6Ly9kaXNjb2dz/LWRhdGFiYXNlLWlt/YWdlcy9SLTI4OTY2/ODEzLTE3MDA0NTIz/MjYtMjcyOS5qcGVn.jpeg', 2023, 82, '2025-04-01 09:19:15'),
(24, 'Defcon 5...4...3...2...1', 20, 'https://i.discogs.com/tgOkf5ZmUFoL5v2zjp4ErMfQCMBUcEhinuyPrsAepho/rs:fit/g:sm/q:90/h:300/w:300/czM6Ly9kaXNjb2dz/LWRhdGFiYXNlLWlt/YWdlcy9SLTQ2NjU3/MTAtMTM3MTU2Mzk1/MC0zMTI4LmpwZWc.jpeg', 2013, 70, '2025-04-01 09:19:57'),
(25, 'The Sleepwalk Transmissions', 21, 'https://i.discogs.com/u2SL5P3YRhapKAeUeYZCWfnG2hPA3KrUAKrknioB5t0/rs:fit/g:sm/q:90/h:600/w:600/czM6Ly9kaXNjb2dz/LWRhdGFiYXNlLWlt/YWdlcy9SLTEzNjE0/NTg5LTE1NTc1NTc2/NzMtMjI4OC5qcGVn.jpeg', 2019, NULL, '2025-04-01 09:23:35'),
(26, 'Garbage', 22, 'https://i.discogs.com/bIsTqeXb3NS5ycv-XhFKH1wB7gFN85KtaH0uZcKfs4E/rs:fit/g:sm/q:90/h:600/w:596/czM6Ly9kaXNjb2dz/LWRhdGFiYXNlLWlt/YWdlcy9SLTU0NDg0/MTEtMTM5MzYxOTAz/MS0xODc1LmpwZWc.jpeg', 1995, 81, '2025-04-01 09:33:37'),
(27, 'Loveless', 23, 'https://i.discogs.com/BrXNUzaM3UILbAHaVtSImJLzW08Yjr5Xz-CwNGV2eew/rs:fit/g:sm/q:90/h:600/w:270/czM6Ly9kaXNjb2dz/LWRhdGFiYXNlLWlt/YWdlcy9SLTExODUx/ODk4LTE1MjY2ODcx/NjktNTI2My5qcGVn.jpeg', 1991, 80, '2025-04-01 09:34:05'),
(28, 'Souvlaki', 24, 'https://i.discogs.com/H65EqwzZdEMRDRJYCHFDZSzYQxn2JCpWirDnXSct20Y/rs:fit/g:sm/q:90/h:600/w:600/czM6Ly9kaXNjb2dz/LWRhdGFiYXNlLWlt/YWdlcy9SLTgzODcz/MC0xMTY0MDMwODI4/LmpwZWc.jpeg', 1993, 84, '2025-04-01 09:34:37'),
(29, '[ Zona Temporalmente Autónoma ]', 25, 'https://i.discogs.com/gugV8tWhZYJ10lmBkcbcQFexbVry7czzNQkZsDPk1cQ/rs:fit/g:sm/q:90/h:600/w:600/czM6Ly9kaXNjb2dz/LWRhdGFiYXNlLWlt/YWdlcy9SLTExNDc0/MzUxLTE1MTY5ODA2/NjItMTc3Mi5qcGVn.jpeg', 2017, 73, '2025-04-01 09:35:23'),
(30, 'Sunbather', 26, 'https://i.discogs.com/Nkw9LoauVRbPTZOEXy2ERF3-bUbcsTPS5JT8ze9ryGI/rs:fit/g:sm/q:90/h:600/w:600/czM6Ly9kaXNjb2dz/LWRhdGFiYXNlLWlt/YWdlcy9SLTIwMDU3/NzcwLTE2MzAzNjc0/ODktNjAzNi5wbmc.jpeg', 2020, 90, '2025-04-01 09:35:50');

INSERT INTO `songs` (`id`, `album_id`, `name`, `number`, `length`) VALUES
(1, 1, 'Blood', 1, '1:58'),
(2, 1, 'DNA', 2, '3:05'),
(3, 1, 'Yah', 3, '2:39'),
(4, 1, 'Element', 4, '3:28'),
(5, 1, 'Feel', 5, '3:34'),
(6, 1, 'Loyalty', 6, '3:47'),
(7, 1, 'Pride', 7, '4:31'),
(8, 1, 'Humble', 8, '2:56'),
(9, 1, 'Lust', 9, '5:08'),
(10, 1, 'Love', 10, '3:31'),
(11, 1, 'XXX', 11, '4:14'),
(12, 1, 'Fear', 12, '6:54'),
(13, 1, 'God', 13, '4:08'),
(14, 1, 'Duckworth', 14, '4:08'),
(15, 2, 'Larks\' Tongues In Aspic, Part One', 1, '13:36'),
(16, 2, 'Book Of Saturday', 2, '2:49'),
(17, 2, 'Exiles', 3, '7:37'),
(18, 2, 'Easy Money', 4, '7:57'),
(19, 2, 'The Talking Drum', 5, '7:28'),
(20, 2, 'Larks\' Tongues In Aspic, Part Two', 6, '7:10'),
(21, 3, '21st Century Schizoid Man', 1, '7:21'),
(22, 3, 'I Talk To The Wind', 2, '6:08'),
(23, 3, 'Epitaph', 3, '8:52'),
(24, 3, 'Moonchild', 4, '12:15'),
(25, 3, 'The Court Of The Crimson King', 5, '9:25'),
(26, 4, 'Wesley\'s Theory', 1, '4:47'),
(27, 4, 'For Free? (Interlude)', 2, '2:10'),
(28, 4, 'King Kunta', 3, '3:54'),
(29, 4, 'Institutionalized', 4, '4:31'),
(30, 4, 'These Walls', 5, '5:00'),
(31, 4, 'U', 6, '4:28'),
(32, 4, 'Alright', 7, '3:39'),
(33, 4, 'For Sale? (Interlude)', 8, '4:51'),
(34, 4, 'Momma', 9, '4:43'),
(35, 4, 'Hood Politics', 10, '4:52'),
(36, 4, 'How Much A Dollar Cost', 11, '4:21'),
(37, 4, 'Complexion (A Zulu Love)', 12, '4:23'),
(38, 4, 'The Blacker The Berry', 13, '5:28'),
(39, 4, 'You Ain\'t Gotta Lie (Momma Said)', 14, '4:01'),
(40, 4, 'I', 15, '5:36'),
(41, 4, 'Mortal Man', 16, '12:07'),
(42, 5, 'Leather Teeth', 1, '3:52'),
(43, 5, 'Cheerleader Effect', 2, '3:37'),
(44, 5, 'Sunday Lunch', 3, '3:15'),
(45, 5, 'Monday Hunt', 4, '2:55'),
(46, 5, 'Inferno Galore', 5, '3:49'),
(47, 5, 'Beware The Beast', 6, '3:45'),
(48, 5, 'Hairspray Hurricane', 7, '5:31'),
(49, 5, 'End Titles', 8, '5:23'),
(50, 6, 'Rays On Pinion', 1, '7:35'),
(51, 6, 'The Birthing', 2, '5:03'),
(52, 6, 'Isak', 3, '4:22'),
(53, 6, 'Wailing Wintry Wind', 4, '5:54'),
(54, 6, 'Cockroach En Fleur', 5, '1:50'),
(55, 6, 'Wanderlust', 6, '4:29'),
(56, 6, 'Aleph', 7, '4:21'),
(57, 6, 'Teeth Of A Cogwheel', 8, '2:16'),
(58, 6, 'O\'Appalachia', 9, '2:36'),
(59, 6, 'Grad', 10, '5:54'),
(60, 6, 'Untitled', 11, '12:11'),
(61, 7, 'Bullhead\'s Psalm', 1, '1:20'),
(62, 7, 'The Sweetest Curse', 2, '4:30'),
(63, 7, 'Jake Leg', 3, '4:23'),
(64, 7, 'Steel That Sleeps The Eye', 4, '2:38'),
(65, 7, 'Swollen And Halo', 5, '6:35'),
(66, 7, 'Ogeechee Hymnal', 6, '2:35'),
(67, 7, 'A Horse Called Golgotha', 7, '5:21'),
(68, 7, 'O\'er Hell And Hide', 8, '4:22'),
(69, 7, 'War, Wisdom And Rhyme', 9, '4:25'),
(70, 7, 'Blackpowder Orchard', 10, '1:00'),
(71, 7, 'The Gnashing', 11, '4:17'),
(72, 7, 'Bullhead\'s Lament', 12, '2:59'),
(73, 8, 'El Universo Sobre Mí', 1, '4:08'),
(74, 8, 'Días De Verano', 2, '3:28'),
(75, 8, 'Revolución', 3, '3:52'),
(76, 8, 'Mi Alma Perdida', 4, '4:08'),
(77, 8, 'Marta, Sebas, Guille Y Los Demás', 5, '3:43'),
(78, 8, 'Esta Madrugada', 6, '4:15'),
(79, 8, 'Big Bang', 7, '2:45'),
(80, 8, 'Enamorada', 8, '3:29'),
(81, 8, 'Tarde Para Cambiar', 9, '3:20'),
(82, 8, 'En El Río', 10, '3:43'),
(83, 8, 'Resurrección', 11, '2:54'),
(84, 8, 'Confiar En Alguien', 12, '3:44'),
(85, 8, 'Salta', 13, '3:44'),
(86, 8, 'No Soy Como Tú', 14, '4:16'),
(87, 9, 'Buscando Una Luna', 1, '4:14'),
(88, 9, 'Prometeo', 2, '3:30'),
(89, 9, 'Sucede', 3, '3:03'),
(90, 9, 'So Payaso', 4, '4:43'),
(91, 9, 'El Dia De La Bestia', 5, '4:43'),
(92, 9, 'Tomás', 6, '1:26'),
(93, 9, '¡Qué Sonrisa Tan Rara!', 7, '3:06'),
(94, 9, 'Cabezabajo', 8, '3:40'),
(95, 9, 'Abreme El Pecho Y Registra', 9, '3:22'),
(96, 9, 'Todos Me Dicen', 10, '4:17'),
(97, 9, 'Correcaminos Estate Al Loro', 11, '2:33'),
(98, 9, 'La Carrera', 12, '2:15'),
(99, 9, 'Me Estoy Quitando', 13, '2:10'),
(100, 10, 'Blood And Thunder', 1, '3:48'),
(101, 10, 'I Am Ahab', 2, '2:46'),
(102, 10, 'Seabeast', 3, '4:15'),
(103, 10, 'Ísland', 4, '3:27'),
(104, 10, 'Iron Tusk', 5, '3:03'),
(105, 10, 'Megalodon', 6, '4:23'),
(106, 10, 'Naked Burn', 7, '3:42'),
(107, 10, 'Aqua Dementia', 8, '4:10'),
(108, 10, 'Hearts Alive', 9, '13:40'),
(109, 10, 'Joseph Merrick', 10, '3:33'),
(110, 10, 'Crusher Destroyer (Live)', 11, '2:08'),
(111, 10, 'Battle At Sea (Live)', 12, '4:13'),
(112, 11, 'The Wolf Is Loose', 1, '3:34'),
(113, 11, 'Crystal Skull', 2, '3:27'),
(114, 11, 'Sleeping Giant', 3, '5:36'),
(115, 11, 'Capillarian Crest', 4, '4:25'),
(116, 11, 'Circle Of Cysquatch', 5, '3:19'),
(117, 11, 'Bladecatcher', 6, '3:20'),
(118, 11, 'Colony Of Birchmen', 7, '4:19'),
(119, 11, 'Hunters Of The Sky', 8, '3:52'),
(120, 11, 'Hand Of The Stone', 9, '3:30'),
(121, 11, 'This Mortal Soil', 10, '5:00'),
(122, 11, 'Siberian Divide', 11, '5:32'),
(123, 11, 'Pendulous Skin', 12, '22:16'),
(124, 12, 'Tchod', 1, '2:48'),
(125, 12, 'Magreb', 2, '10:59'),
(126, 12, 'Zanzíbar', 3, '4:54'),
(127, 12, 'Völand', 4, '2:12'),
(128, 12, 'Danubio', 5, '7:16'),
(129, 12, 'Koschei', 6, '3:34'),
(130, 12, 'Bizancio', 7, '8:38'),
(131, 13, 'Autómata', 1, ''),
(132, 13, 'Myria', 2, ''),
(133, 13, 'Tannhäuser', 3, ''),
(134, 13, 'Caribdis', 4, ''),
(135, 13, 'La Montaña', 5, ''),
(136, 13, 'Cónjura', 6, ''),
(137, 13, 'Ekbom', 7, ''),
(138, 13, 'Vivos (Pasaporte A Viajes Imposibles)', 8, ''),
(139, 13, 'Las Hienas', 9, ''),
(140, 13, 'Antípodas', 10, ''),
(141, 13, 'Noviembre, 2019', 11, ''),
(142, 13, 'Una Ventana Atlántica', 12, ''),
(143, 14, 'Xenolith; The Anvil ', 1, ''),
(144, 14, 'Opposition/Perihelion; The Coil', 2, ''),
(145, 14, 'Anaitis Hymnal; The Arkose Disc', 3, ''),
(146, 14, 'Form Constant; The Grid', 4, ''),
(147, 15, 'Abre La Puerta', 1, '9:49'),
(148, 15, 'Sé De Un Lugar', 2, '7:07'),
(149, 15, 'Todo Es De Color', 3, '2:06'),
(150, 15, 'Luminosa Mañana', 4, '4:02'),
(151, 15, 'Diálogo', 5, '4:29'),
(152, 15, 'En El Lago', 6, '6:34'),
(153, 15, 'Recuerdos De Una Noche', 7, '4:42'),
(154, 16, 'Hijos Del Agobio', 1, '5:18'),
(155, 16, 'Rumor', 2, '3:20'),
(156, 16, 'Sentimiento De Amor', 3, '5:32'),
(157, 16, 'Recuerdos De Triana', 4, '2:50'),
(158, 16, 'Ya Está Bien', 5, '3:12'),
(159, 16, 'Necesito', 6, '4:04'),
(160, 16, 'Sr. Troncoso', 7, '3:38'),
(161, 16, 'Del Crepúsculo Lento Nacerá El Rocío', 8, '5:50'),
(162, 17, 'Namás S\'acaba Lo Que Nun Se Cunta', 1, '0:57'),
(163, 17, 'Muerte En Motilleja', 2, '3:44'),
(164, 17, 'Arboleda Bien Plantada', 3, '3:39'),
(165, 17, 'Ronda De Robledo De Sanabria', 4, '3:54'),
(166, 17, 'El Día Que Nací Yo', 5, '4:12'),
(167, 17, 'Tengo Que Xubir Al Puertu', 6, '5:24'),
(168, 17, 'Rumba De A Estierna (Versión Angelita Caneiro)', 7, '2:04'),
(169, 17, 'Fíjate Si Era Rojo', 8, '0:37'),
(170, 17, 'Xiringüelu', 9, '3:37'),
(171, 17, 'A Galán Tiene Que Ser En El Baile', 10, '1:18'),
(172, 17, 'Muiñeira Para A Filla Da Bruxa', 11, '3:57'),
(173, 17, 'Ánimes Del Purgatoriu / Refugees Welcome', 12, '1:35'),
(174, 17, 'Cesteiros', 13, '3:29'),
(175, 17, 'Rambalín ', 14, '6:10'),
(176, 17, 'Pena ', 15, '3:23'),
(177, 18, 'Prelude - A Difficult Fog Descends Upon The Land', 1, '1:48'),
(178, 18, 'A Life-Changing Discovery', 2, '3:49'),
(179, 18, 'We Have To Leave This Town Because I Have Done Something Unforgivable', 3, '4:33'),
(180, 18, 'Live From Cley Hill', 4, '3:45'),
(181, 18, 'Rest Easy', 5, '3:14'),
(182, 18, 'Haha Fucking Quest', 6, '3:20'),
(183, 18, 'One For The Road', 7, '3:37'),
(184, 18, 'Welcome Home Peter Talisman, All Is Forgiven', 8, '2:02'),
(185, 18, 'The Absolute Scene At Stanton Drew', 9, '3:52'),
(186, 18, 'Ley U Down', 10, '3:44'),
(187, 18, 'Dance Of The Equinox', 11, '5:13'),
(188, 18, 'Outro, Show\'s Over, Game Over, We Failed, The End', 12, '1:37'),
(189, 19, 'Meigallo (ft. Lilaina)', 1, '4:13'),
(190, 19, 'Veleno (ft. Rodrigo Cuevas)', 2, '3:59'),
(191, 19, 'Embruxo', 3, '3:09'),
(192, 19, 'Luar (ft. Lilaina)', 4, '3:36'),
(193, 19, 'Cortegada (ft. Cristian Silva)', 5, '3:44'),
(194, 19, 'Romaría', 6, '1:18'),
(195, 19, 'Conxuro (ft. Lilaina)', 7, '3:46'),
(196, 19, 'Lavandeira (ft. Lilaina)', 8, '3:19'),
(197, 19, 'Diaño (ft. Lilaina)', 9, '3:14'),
(198, 19, 'Lobeira', 10, '4:01'),
(199, 20, 'In Your Wings', 1, '5:29'),
(200, 20, 'A Life Unto Itself', 2, '7:12'),
(201, 20, 'A Language Of Blood', 3, '7:47'),
(202, 20, 'Night Of The Moon', 4, '7:03'),
(203, 20, 'Birch Bark Box', 5, '5:43'),
(204, 20, 'Chasing Ghosts', 6, '5:26'),
(205, 20, 'Known But Not Named', 7, '6:45'),
(206, 21, '10:56', 1, '2:11'),
(207, 21, 'Second Son of R.', 2, '5:55'),
(208, 21, 'Being Able To Feel Nothing', 3, '7:08'),
(209, 21, 'Stay Here / Accroche-Moi', 4, '5:13'),
(210, 21, 'Needles In Your Skin', 5, '7:15'),
(211, 21, 'Immortals', 6, '8:52'),
(212, 21, 'I\'m Sorry, This Is', 7, '4:14'),
(213, 21, 'Where I Live', 8, '7:02'),
(214, 21, 'Where I Leave', 9, '8:53'),
(215, 21, 'Begeerte', 10, '6:44'),
(216, 22, 'Nereid', 1, '2:55'),
(217, 22, 'Polaris', 2, '8:39'),
(218, 22, 'Hydra', 3, '2:29'),
(219, 22, 'Luna', 4, '4:05'),
(220, 22, 'Rhea', 5, '3:38'),
(221, 22, 'Vega', 6, '4:13'),
(222, 22, 'Elara', 7, '4:11'),
(223, 22, 'Persei', 8, '5:02'),
(224, 22, 'Cressida', 9, '4:07'),
(225, 23, 'Solar Witch', 1, '6:01'),
(226, 23, 'Surgical Utopian Love', 2, '10:58'),
(227, 23, 'The Lost Wisdom Of Wolves', 3, '4:58'),
(228, 23, 'Burning Kingdom Of Now', 4, '7:37'),
(229, 23, 'Hungry Ghosts', 5, '6:13'),
(230, 23, 'Sub Lilith Tunnels', 6, '6:01'),
(231, 23, 'The Mind Of The Sun', 7, '4:57'),
(232, 24, 'Defcon 5', 1, '3:14'),
(233, 24, 'Antimatter Man', 2, '2:36'),
(234, 24, 'All Systems To Go', 3, '2:47'),
(235, 24, 'Disintegrate', 4, '3:16'),
(236, 24, 'Defcon 4', 5, '1:57'),
(237, 24, 'Codebreaker Seventy Eight', 6, '3:02'),
(238, 24, 'Communication Breakdown Pt. II', 7, '2:38'),
(239, 24, 'Defcon 3', 8, '3:10'),
(240, 24, 'Electric Arc', 9, '4:06'),
(241, 24, 'Defcon 2', 10, '2:16'),
(242, 24, 'New Cocoon', 11, '4:04'),
(243, 24, 'Defcon 1', 12, '2:44'),
(244, 25, 'Permafrost', 1, '3:32'),
(245, 25, 'Android Anaesthetist', 2, '5:08'),
(246, 25, 'Human Antenna', 3, '4:51'),
(247, 25, 'The Clocks', 4, '5:06'),
(248, 25, 'Luma / Non Luma', 5, '2:49'),
(249, 25, 'Wounds Like Wires', 6, '4:17'),
(250, 25, 'Retreat Syndrome', 7, '2:42'),
(251, 25, 'From The Sixth Floor', 8, '1:08'),
(252, 25, 'Owari', 9, '5:38'),
(253, 25, 'Digitalis', 10, '4:01'),
(254, 25, 'Radio Silence', 11, '5:39'),
(255, 26, 'Supervixen', 1, '3:55'),
(256, 26, 'Queer', 2, '4:36'),
(257, 26, 'Only Happy When It Rains', 3, '3:56'),
(258, 26, 'As Heaven Is Wide', 4, '4:44'),
(259, 26, 'Not My Idea', 5, '3:41'),
(260, 26, 'A Stroke Of Luck', 6, '4:44'),
(261, 26, 'Vow', 7, '4:30'),
(262, 26, 'Stupid Girl', 8, '4:18'),
(263, 26, 'Dog New Tricks', 9, '3:56'),
(264, 26, 'My Lover\'s Box', 10, '3:55'),
(265, 26, 'Fix Me Now', 11, '4:43'),
(266, 26, 'Milk', 12, '3:53'),
(267, 27, 'Only Shallow', 1, '4:17'),
(268, 27, 'Loomer', 2, '2:38'),
(269, 27, 'Touched', 3, '0:56'),
(270, 27, 'To Here Knows When', 4, '5:31'),
(271, 27, 'When You Sleep', 5, '4:11'),
(272, 27, 'I Only Said', 6, '5:34'),
(273, 27, 'Come In Alone', 7, '3:58'),
(274, 27, 'Sometimes', 8, '5:19'),
(275, 27, 'Blown A Wish', 9, '3:36'),
(276, 27, 'What You Want', 10, '5:33'),
(277, 27, 'Soon', 11, '6:58'),
(278, 28, 'Alison', 1, '3:52'),
(279, 28, 'Machine Gun', 2, '4:28'),
(280, 28, '40 Days', 3, '3:16'),
(281, 28, 'Sing', 4, '4:51'),
(282, 28, 'Here She Comes', 5, '2:20'),
(283, 28, 'Souvlaki Space Station', 6, '5:59'),
(284, 28, 'When The Sun Hits', 7, '4:47'),
(285, 28, 'Altogether', 8, '3:42'),
(286, 28, 'Melon Yellow', 9, '3:54'),
(287, 28, 'Dagger', 10, '3:32'),
(288, 29, 'Islamabad', 1, '7:05'),
(289, 29, 'Una Cruz A Cuestas', 2, '4:12'),
(290, 29, 'Soleá', 3, '3:36'),
(291, 29, 'Seguiriya De Los 107 Faunos', 4, '4:39'),
(292, 29, 'Hierro Y Níquel', 5, '4:07'),
(293, 29, 'Porque Me Lo Digas Tú', 6, '2:39'),
(294, 29, 'Libertad Para El Solitario', 7, '4:08'),
(295, 29, 'La Gitana', 8, '6:00'),
(296, 29, 'Ijtihad', 9, '3:55'),
(297, 29, 'Espíritu Olímpico', 10, '4:19'),
(298, 29, 'Zona Autónoma Permanente', 11, '4:16'),
(299, 29, 'Amanecer', 12, '3:07'),
(300, 29, 'Hay Una Estrella', 13, '3:42'),
(301, 29, 'Guitarra Roja', 14, '9:52'),
(302, 30, 'Dream House', 1, '9:14'),
(303, 30, 'Irresistible', 2, '3:13'),
(304, 30, 'Sunbather', 3, '10:16'),
(305, 30, 'Please Remember', 4, '6:26'),
(306, 30, 'Vertigo', 5, '14:37'),
(307, 30, 'Windows', 6, '4:42'),
(308, 30, 'The Pecan Tree', 7, '11:26');


INSERT INTO reviews
VALUES
(NULL, 1, 1, "A Bold Return to Form", DEFAULT, 85, NULL),
(NULL, 2, 12, "Exploring New Sounds, Bold Moves", DEFAULT, 80, NULL),
(NULL, 2, 29, "An Underwhelming Attempt at Something New", DEFAULT, 68, NULL),
(NULL, 3, 15, "The Art of Musical Reinvention", DEFAULT, 92, NULL),
(NULL, 3, 23, "Dark and Experimental, A Masterpiece", DEFAULT, 90, NULL),
(NULL, 5, 20, "Vibrant Soundscapes with Deep Emotion", DEFAULT, 79, NULL),
(NULL, 5, 24, "Decent Tracks, Nothing Extraordinary", DEFAULT, 70, NULL),
(NULL, 6, 30, "A Risky Yet Rewarding Sonic Journey", DEFAULT, 83, NULL),
(NULL, 7, 26, "Catchy Hooks, Deep Lyrics Shine Through", DEFAULT, 81, NULL),
(NULL, 8, 28, "A Dreamy Soundtrack for the Soul", DEFAULT, 89, NULL),
(NULL, 8, 30, "Layers of Emotion, Brilliantly Crafted", DEFAULT, 90, NULL),
(NULL, 9, 28, "Mellow Yet Powerful: An Auditory Journey", DEFAULT, 78, NULL),
(NULL, 10, 21, "A Bold New Era Begins", DEFAULT, 83, NULL),
(NULL, 10, 18, "Electrifying Beats and Lyrical Depth", DEFAULT, 76, NULL),
(NULL, 11, 21, "A Sonic Evolution Worth Noting", DEFAULT, 74, NULL),
(NULL, 11, 20, "An Intimate, Soul-Stirring Collection", DEFAULT, 71, NULL),
(NULL, 11, 27, "Emotionally Charged, Sonically Immersive", DEFAULT, 80, NULL),
(NULL, 11, 30, "Striking Soundscapes, Unforgettable Moments", DEFAULT, 89, NULL),
(NULL, 11, 29, "A Familiar Sound With Little Change", DEFAULT, 78, NULL),
(NULL, 12, 14, "A Masterclass in Musical Innovation", DEFAULT, 80, NULL),
(NULL, 14, 23, "Rich, Layered Sounds That Resonate", DEFAULT, 79, NULL),
(NULL, 15, 11, "Introspective, With Stunning Musical Range", DEFAULT, 90, NULL),
(NULL, 15, 20, "Pleasant, But Doesn’t Stand Out", DEFAULT, 67, NULL),
(NULL, 16, 21, "Dreamy, Lush Tracks That Transport", DEFAULT, 81, NULL),
(NULL, 17, 15, "Groundbreaking Tunes, Evoking Deep Feelings", DEFAULT, 83, NULL),
(NULL, 18, 14, "Bold Experimentation Pays Off Here", DEFAULT, 74, NULL),
(NULL, 18, 12, "A Journey of Sound and Emotion", "Lorem ipsum dolor sit amet, consectetur adipiscing elit, sed do eiusmod tempor incididunt ut labore et dolore magna aliqua. Ut enim ad minim veniam, quis nostrud exercitation ullamco laboris nisi ut aliquip ex ea commodo consequat. Duis aute irure dolor in reprehenderit in voluptate velit esse cillum dolore eu fugiat nulla pariatur. Excepteur sint occaecat cupidatat non proident, sunt in culpa qui officia deserunt mollit anim id est laborum.", 85, NULL),
(NULL, 19, 23, "Challenging Norms, Creating New Waves", DEFAULT, 78, NULL),
(NULL, 20, 17, "A Deep Dive into Raw Vulnerability", DEFAULT, 77, NULL),
(NULL, 20, 14, "Hits and Misses Across the Album", DEFAULT, 70, NULL);

INSERT INTO lists
VALUES
(NULL, 2, "Lost in the Music Waves", DEFAULT),
(NULL, 3, "Chill Vibes for Late Nights", DEFAULT),
(NULL, 5, "Dancing Through the Decades", DEFAULT),
(NULL, 6, "Songs to Sing in the Shower", DEFAULT),
(NULL, 6, "Deep Focus and Study Beats", DEFAULT),
(NULL, 7, "Epic Soundtracks for Life", DEFAULT),
(NULL, 8, "Feel-Good Anthems", DEFAULT),
(NULL, 9, "Slow Jams and Midnight Moods", DEFAULT),
(NULL, 10, "Throwback Hits You Forgot About", DEFAULT),
(NULL, 10, "Energetic Beats for the Gym", DEFAULT);

INSERT INTO lists_elements
VALUES
(NULL, 1, 3),
(NULL, 1, 5),
(NULL, 1, 8),
(NULL, 1, 10),
(NULL, 1, 11),
(NULL, 2, 4),
(NULL, 2, 6),
(NULL, 2, 8),
(NULL, 2, 11),
(NULL, 3, 7),
(NULL, 3, 9),
(NULL, 3, 12),
(NULL, 3, 23),
(NULL, 4, 10),
(NULL, 4, 13),
(NULL, 4, 24),
(NULL, 5, 8),
(NULL, 5, 10),
(NULL, 5, 11),
(NULL, 6, 10),
(NULL, 6, 12),
(NULL, 7, 12),
(NULL, 7, 13),
(NULL, 7, 15),
(NULL, 7, 28),
(NULL, 8, 14),
(NULL, 8, 19),
(NULL, 8, 22),
(NULL, 8, 24),
(NULL, 9, 20),
(NULL, 9, 22),
(NULL, 9, 24),
(NULL, 9, 30),
(NULL, 10, 18),
(NULL, 10, 21),
(NULL, 10, 25),
(NULL, 10, 28);

INSERT INTO `genres` (`id`, `name`, `album_id`) VALUES
(1, 'Hip Hop', 1),
(2, 'Conscious', 1),
(3, 'Rock', 2),
(4, 'Prog Rock', 2),
(5, 'Rock', 3),
(6, 'Prog Rock', 3),
(7, 'Hip Hop', 4),
(8, 'Funk / Soul', 4),
(9, 'Conscious', 4),
(10, 'Jazzy Hip-Hop', 4),
(11, 'G-Funk', 4),
(12, 'Electronic', 5),
(13, 'Synthwave', 5),
(14, 'Electroclash', 5),
(15, 'Rock', 6),
(16, 'Prog Rock', 6),
(17, 'Stoner Rock', 6),
(18, 'Heavy Metal', 6),
(19, 'Alternative Rock', 6),
(20, 'Rock', 7),
(21, 'Hardcore', 7),
(22, 'Prog Rock', 7),
(23, 'Heavy Metal', 7),
(24, 'Rock', 8),
(25, 'Latin', 8),
(26, 'Pop', 8),
(27, 'Pop Rock', 8),
(28, 'Ballad', 8),
(29, 'Rock', 9),
(30, 'Hard Rock', 9),
(31, 'Rock', 10),
(32, 'Hardcore', 10),
(33, 'Prog Rock', 10),
(34, 'Heavy Metal', 10),
(35, 'Rock', 11),
(36, 'Sludge Metal', 11),
(37, 'Progressive Metal', 11),
(38, 'Rock', 12),
(39, 'Post Rock', 12),
(40, 'Post-Hardcore', 12),
(41, 'Rock', 13),
(42, 'Post Rock', 13),
(43, 'Post-Hardcore', 13),
(44, 'Alternative Rock', 13),
(45, 'Electronic', 14),
(46, 'Jazz', 14),
(47, 'Rock', 14),
(48, 'Abstract', 14),
(49, 'Experimental', 14),
(50, 'Free Improvisation', 14),
(51, 'Free Jazz', 14),
(52, 'Black Metal', 14),
(53, 'Rock', 15),
(54, 'Folk, World, & Country', 15),
(55, 'Folk', 15),
(56, 'Prog Rock', 15),
(57, 'Symphonic Rock', 15),
(58, 'Rock', 16),
(59, 'Psychedelic Rock', 16),
(60, 'Prog Rock', 16),
(61, 'Folk, World, & Country', 17),
(62, 'Folk', 17),
(63, 'Electronic', 18),
(65, 'Acoustic', 18),
(66, 'Folk', 18),
(67, 'Experimental', 18),
(68, 'Ambient', 18),
(69, 'Folk, World, & Country', 19),
(70, 'Galician Traditional', 19),
(71, 'Folk', 19),
(72, 'Rock', 20),
(74, 'Folk', 20),
(75, 'Country', 20),
(76, 'Rock', 21),
(77, 'Black Metal', 21),
(78, 'Post-Hardcore', 21),
(79, 'Post Rock', 21),
(80, 'Rock', 22),
(81, 'Progressive Metal', 22),
(82, 'Post-Hardcore', 22),
(83, 'Post Rock', 22),
(84, 'Rock', 23),
(85, 'Black Metal', 23),
(86, 'Avantgarde', 23),
(87, 'Rock', 24),
(88, 'Surf', 24),
(89, 'Space Rock', 24),
(90, 'Rock', 25),
(91, 'Post-Hardcore', 25),
(92, 'Rock', 26),
(93, 'Alternative Rock', 26),
(94, 'Pop Rock', 26),
(95, 'Rock', 27),
(96, 'Shoegaze', 27),
(97, 'Noise Rock', 27),
(98, 'Alternative Rock', 27),
(99, 'Rock', 28),
(100, 'Indie Rock', 28),
(101, 'Shoegaze', 28),
(102, 'Dream Pop', 28),
(103, 'Rock', 29),
(104, 'Psychedelic Rock', 29),
(105, 'Indie Rock', 29),
(106, 'Rock', 30),
(107, 'Blackgaze', 30),
(108, 'Post-Metal', 30);